1049079,0,8756089,1,17.03425836985787,RUN1
1049079,1,7833823,2,16.901728523361186,RUN1
1049079,0,981344,3,11.869049631462186,RUN1
1049079,0,6591016,4,10.268837785824317,RUN1
1049079,0,2813709,5,9.980594316345698,RUN1
1049079,0,4907148,6,9.868766723437387,RUN1
1049079,0,2774118,7,9.860781047556943,RUN1
1049079,0,2138671,8,9.435650735486277,RUN1
1049079,0,6853091,9,9.339921400223245,RUN1
1049079,0,5105518,10,9.269381108969663,RUN1
1049079,0,8230583,11,8.999200423088562,RUN1
1049079,0,5795853,12,8.908291431958228,RUN1
1049079,0,36667,13,8.72026997032548,RUN1
1049079,0,6093689,14,8.674583217129674,RUN1
1049079,0,1724473,15,8.458259977292387,RUN1
1049079,0,8159685,16,8.43033399680712,RUN1
1049079,0,5208403,17,8.425959074720986,RUN1
1049079,0,7477821,18,8.38543571334718,RUN1
1049079,0,2991362,19,8.340092535502093,RUN1
1049079,0,4020607,20,8.198846800548047,RUN1
791843,0,4001139,1,12.504890069228388,RUN1
791843,0,6206484,2,11.625425140406985,RUN1
791843,0,1625742,3,11.029689516238756,RUN1
791843,0,4578248,4,10.60897787194206,RUN1
791843,0,1090904,5,9.806659536902224,RUN1
791843,0,5831708,6,8.476816018700475,RUN1
791843,0,7925571,7,8.12416037527734,RUN1
791843,0,3543052,8,8.093874784842729,RUN1
791843,0,5950682,9,7.769672138962665,RUN1
791843,0,574483,10,7.734462016846626,RUN1
791843,0,192678,11,7.705268102704117,RUN1
791843,0,8588063,12,7.585444034747618,RUN1
791843,0,3340932,13,7.3985915974813,RUN1
791843,0,8264438,14,7.248370448173124,RUN1
791843,0,8571406,15,7.123178949478298,RUN1
791843,0,1229499,16,7.003393394428806,RUN1
791843,0,961883,17,6.947924739632681,RUN1
791843,0,4042694,18,6.813224245111998,RUN1
791843,0,4723295,19,6.813224245111998,RUN1
791843,0,1779564,20,6.691545372169565,RUN1
1054100,1,468467,1,28.613735464809807,RUN1
1054100,0,613497,2,13.69137517435421,RUN1
1054100,0,689149,3,11.796409770015922,RUN1
1054100,0,4316130,4,11.044419610032062,RUN1
1054100,0,6021881,5,10.982180440123372,RUN1
1054100,0,948853,6,10.349260373677094,RUN1
1054100,0,7260158,7,10.232190623071714,RUN1
1054100,0,1189624,8,10.02080642603648,RUN1
1054100,0,5914977,9,9.840151129245221,RUN1
1054100,0,7690956,10,9.35343190085078,RUN1
1054100,0,1629086,11,9.326863968843902,RUN1
1054100,0,7735203,12,9.324786331013609,RUN1
1054100,0,7241666,13,9.271701292632827,RUN1
1054100,0,7790614,14,9.164531168135754,RUN1
1054100,0,8294610,15,9.133541067790091,RUN1
1054100,0,5101119,16,9.067566216603376,RUN1
1054100,0,7843013,17,9.00652322984486,RUN1
1054100,0,6603201,18,9.003463210291951,RUN1
1054100,0,3778279,19,8.941528460189339,RUN1
1054100,0,3838076,20,8.717632001486054,RUN1
1054520,0,3663675,1,20.066633970776103,RUN1
1054520,0,6190019,2,12.337812968976731,RUN1
1054520,0,3629757,3,12.021048127374295,RUN1
1054520,1,7177755,4,10.792582411630914,RUN1
1054520,0,8799833,5,9.812282404157068,RUN1
1054520,0,6161179,6,9.319167481796086,RUN1
1054520,0,7719431,7,9.271375069353061,RUN1
1054520,0,1797474,8,8.885364628939225,RUN1
1054520,0,4131720,9,8.70799168148233,RUN1
1054520,0,2975200,10,8.536835316443153,RUN1
1054520,0,7931251,11,8.49497137764801,RUN1
1054520,0,2276226,12,8.222870840199981,RUN1
1054520,0,3879623,13,8.143419469047341,RUN1
1054520,0,4508976,14,7.73931434386739,RUN1
1054520,0,8707475,15,7.644025305254974,RUN1
1054520,0,4915093,16,7.4021005709461996,RUN1
1054520,0,3036690,17,7.2689102845725735,RUN1
1054520,0,1781917,18,7.230397316069384,RUN1
1054520,0,35312,19,7.182341642953652,RUN1
1054520,0,2264507,20,7.151015749508559,RUN1
535479,1,7614067,1,14.22197546564806,RUN1
535479,0,2318784,2,10.306993203083959,RUN1
535479,0,5697111,3,9.599844227955803,RUN1
535479,0,930379,4,8.309905411119535,RUN1
535479,0,2591151,5,8.288694587158648,RUN1
535479,0,4055164,6,8.132748082217777,RUN1
535479,0,3801887,7,8.072158098026222,RUN1
535479,0,5613270,8,8.032153461901691,RUN1
535479,0,899464,9,7.894780973780091,RUN1
535479,0,519930,10,7.703468720025495,RUN1
535479,0,3485497,11,7.703166782451255,RUN1
535479,0,8528559,12,7.632576558306725,RUN1
535479,0,1795996,13,7.173953885170903,RUN1
535479,0,7973922,14,7.050065831054283,RUN1
535479,0,3591169,15,7.016645808335681,RUN1
535479,0,652506,16,6.9576195877359295,RUN1
535479,0,3079969,17,6.848456418566836,RUN1
535479,0,7259172,18,6.78646648537864,RUN1
535479,0,4362085,19,6.678810473126917,RUN1
535479,0,7171385,20,6.6268540732198735,RUN1
25115,1,6413396,1,15.479799800076055,RUN1
25115,0,2697845,2,12.040626896789279,RUN1
25115,0,4340188,3,10.993053107435443,RUN1
25115,0,6605310,4,10.541319040056047,RUN1
25115,0,3327199,5,9.893394751052039,RUN1
25115,0,3854996,6,8.671914416651047,RUN1
25115,0,4038363,7,8.357364318364967,RUN1
25115,0,883203,8,7.69174840728599,RUN1
25115,0,3234655,9,7.171132232429084,RUN1
25115,0,6020937,10,7.110094146015804,RUN1
25115,0,8467810,11,7.058708209769846,RUN1
25115,0,225458,12,7.013427915013373,RUN1
25115,0,4169770,13,6.996596583756939,RUN1
25115,0,3102007,14,6.843027147367958,RUN1
25115,0,2537454,15,6.552781909765679,RUN1
25115,0,7625350,16,6.5121381185152964,RUN1
25115,0,6321494,17,6.449698789187869,RUN1
25115,0,5643458,18,6.379151410388759,RUN1
25115,0,1493833,19,6.276898293613746,RUN1
25115,0,8730873,20,6.222000779673376,RUN1
25496,1,7650302,1,29.13153042088105,RUN1
25496,0,3075035,2,14.18734424333412,RUN1
25496,0,6783285,3,10.214080459634195,RUN1
25496,0,2476247,4,9.865439604113865,RUN1
25496,0,6368007,5,8.953775276667288,RUN1
25496,0,3797159,6,8.493545261744815,RUN1
25496,0,3984122,7,8.338896082694442,RUN1
25496,0,1530844,8,8.258742093431612,RUN1
25496,0,777246,9,8.183930172440252,RUN1
25496,0,7933685,10,8.068897545306722,RUN1
25496,0,8717825,11,8.017477273990892,RUN1
25496,0,1388045,12,8.003653215466246,RUN1
25496,0,3707044,13,7.662520695129715,RUN1
25496,0,556963,14,7.6032233931547655,RUN1
25496,0,3271348,15,7.387927457104045,RUN1
25496,0,5126274,16,7.313186720870064,RUN1
25496,0,2210324,17,7.209574301338884,RUN1
25496,0,6929713,18,7.086605482902089,RUN1
25496,0,1366286,19,7.012840225471938,RUN1
25496,0,7790622,20,6.98247890409254,RUN1
25692,1,7580086,1,15.48054696314485,RUN1
25692,0,117214,2,14.601412021163052,RUN1
25692,0,6783158,3,12.167387973559531,RUN1
25692,0,7920406,4,10.321584589335563,RUN1
25692,0,6800863,5,10.2405124194931,RUN1
25692,0,1996399,6,10.067924513126325,RUN1
25692,0,2141970,7,9.777949853136692,RUN1
25692,0,205079,8,8.649799710562895,RUN1
25692,0,3790145,9,8.64701319291176,RUN1
25692,0,360630,10,8.639478967851183,RUN1
25692,0,5236392,11,8.157585341088538,RUN1
25692,0,8674833,12,8.100893122836165,RUN1
25692,0,5473265,13,7.797437247922774,RUN1
25692,0,4028758,14,7.5705742971739,RUN1
25692,0,8007989,15,7.522774881540329,RUN1
25692,0,4218075,16,7.431458737757095,RUN1
25692,0,5967763,17,7.355956787304625,RUN1
25692,0,2081391,18,7.335483577145728,RUN1
25692,0,8391497,19,7.270127837992649,RUN1
25692,0,5979406,20,7.269177701782947,RUN1
5333,0,3316198,1,9.91135732709245,RUN1
5333,0,659125,2,9.507027639868042,RUN1
5333,0,2392114,3,9.434018631912945,RUN1
5333,0,3757300,4,8.134569906549814,RUN1
5333,0,252471,5,7.9476806369700945,RUN1
5333,0,2790930,6,7.7692320375923405,RUN1
5333,0,1051344,7,7.632573788733894,RUN1
5333,0,1037483,8,7.486195144220772,RUN1
5333,0,8459264,9,7.341828071662302,RUN1
5333,0,2580049,10,7.015886434276106,RUN1
5333,0,3601823,11,5.375909596026613,RUN1
5333,0,1426316,12,0.622737180833489,RUN1
5333,0,1104416,13,0.5844411334084063,RUN1
5333,0,414716,14,0.5780678039766514,RUN1
5333,0,8510881,15,0.5780662828324535,RUN1
5333,0,12054,16,0.5776641299495537,RUN1
5333,0,5520779,17,0.5772282105193355,RUN1
5333,0,7896092,18,0.5755183383656322,RUN1
5333,0,5458616,19,0.5747711094407582,RUN1
5333,0,913261,20,0.5730656656209479,RUN1
559976,0,5227806,1,6.9894591774473565,RUN1
559976,0,7007457,2,6.583665426534472,RUN1
559976,0,1189624,3,6.379312494830094,RUN1
559976,0,14667,4,6.282541475355035,RUN1
559976,0,6756765,5,6.240713738385193,RUN1
559976,0,1781917,6,6.129073996301568,RUN1
559976,0,5275696,7,6.052501483439827,RUN1
559976,0,4543589,8,6.0162939919856875,RUN1
559976,0,2276226,9,5.952713638380387,RUN1
559976,0,8738409,10,5.92313721228558,RUN1
559976,0,1719403,11,5.8950341955218235,RUN1
559976,0,8629771,12,5.860881609602836,RUN1
559976,0,1843462,13,5.850614665319512,RUN1
559976,0,5382740,14,5.767770148879511,RUN1
559976,0,6476766,15,5.752805969083369,RUN1
559976,0,3789636,16,5.738427138984606,RUN1
559976,0,1622332,17,5.689450963349412,RUN1
559976,0,6432354,18,5.634599653505268,RUN1
559976,0,7224380,19,5.634336784807876,RUN1
559976,0,1625742,20,5.619568255554937,RUN1
1084333,0,1041871,1,17.351506286861575,RUN1
1084333,0,4707435,2,13.89549624359004,RUN1
1084333,0,7188143,3,13.89549624359004,RUN1
1084333,0,8082009,4,12.539705965026009,RUN1
1084333,0,2637792,5,11.335714876723747,RUN1
1084333,0,3265394,6,9.84003046894548,RUN1
1084333,0,2591151,7,9.759222526873348,RUN1
1084333,0,6334004,8,9.690806728358911,RUN1
1084333,0,8205135,9,9.654946888385451,RUN1
1084333,1,7129284,10,9.349022121192348,RUN1
1084333,0,8118346,11,9.202136851728447,RUN1
1084333,0,6953080,12,9.046110571875305,RUN1
1084333,0,414716,13,8.899814503693632,RUN1
1084333,0,7007457,14,8.883939168586899,RUN1
1084333,0,4786189,15,8.487283985036207,RUN1
1084333,0,6355152,16,8.453086896997332,RUN1
1084333,0,6084084,17,8.402478955563502,RUN1
1084333,0,3038666,18,8.393334908574813,RUN1
1084333,0,3341735,19,8.276072493489213,RUN1
1084333,0,1411470,20,8.270141216318859,RUN1
1091654,0,1941132,1,12.942478588541094,RUN1
1091654,0,5219609,2,12.876999465670341,RUN1
1091654,0,1206772,3,12.503982752902402,RUN1
1091654,0,7894104,4,12.377661916164147,RUN1
1091654,0,8170576,5,11.417152619700492,RUN1
1091654,0,220996,6,11.082608837426896,RUN1
1091654,0,4394246,7,11.073509818509226,RUN1
1091654,0,6040049,8,10.835586931113998,RUN1
1091654,0,1322545,9,10.783099768709207,RUN1
1091654,0,831422,10,10.768317321615593,RUN1
1091654,1,7897164,11,10.501903572586903,RUN1
1091654,0,1785999,12,10.465795206261713,RUN1
1091654,0,7016133,13,10.457239584830639,RUN1
1091654,0,3501855,14,10.416004457170972,RUN1
1091654,0,534225,15,10.093976848614634,RUN1
1091654,0,5133983,16,9.62845594927662,RUN1
1091654,0,3089254,17,9.421082285519663,RUN1
1091654,0,4157475,18,9.305550565922655,RUN1
1091654,0,8371825,19,9.280871697491754,RUN1
1091654,0,7290537,20,8.973996949690633,RUN1
1095665,0,735726,1,14.992159003602355,RUN1
1095665,0,7535951,2,13.86099797857787,RUN1
1095665,0,4014058,3,12.957709992416923,RUN1
1095665,0,2435290,4,12.550422394214557,RUN1
1095665,0,4509370,5,12.452569893917266,RUN1
1095665,0,6517592,6,11.945326165694592,RUN1
1095665,0,7549636,7,11.323551154591327,RUN1
1095665,0,6992412,8,11.186788710283306,RUN1
1095665,0,4778534,9,11.140621987938596,RUN1
1095665,0,6362657,10,10.975825839003386,RUN1
1095665,0,8385477,11,10.42126923541067,RUN1
1095665,0,3628376,12,10.15231419381416,RUN1
1095665,0,6724204,13,9.996579909534043,RUN1
1095665,0,8511991,14,9.79203326859982,RUN1
1095665,0,7628820,15,9.607881355773745,RUN1
1095665,0,5499692,16,9.396919540857244,RUN1
1095665,0,3980663,17,9.262064138357768,RUN1
1095665,0,3985769,18,9.174755004425068,RUN1
1095665,0,8435861,19,9.017318908943206,RUN1
1095665,0,523526,20,9.003096408671524,RUN1
1099736,0,2422416,1,9.285647739660977,RUN1
1099736,0,3341450,2,8.770834916769175,RUN1
1099736,0,8330217,3,8.144478187462509,RUN1
1099736,0,1165756,4,7.937615090140327,RUN1
1099736,0,4697311,5,7.936256079468327,RUN1
1099736,0,6205414,6,7.810473089543938,RUN1
1099736,0,6284452,7,7.792353273576755,RUN1
1099736,0,358903,8,7.673959285767715,RUN1
1099736,0,7015868,9,7.367267675077706,RUN1
1099736,0,7918678,10,7.30407965368359,RUN1
1099736,0,720860,11,7.107986186265438,RUN1
1099736,0,161420,12,7.063421270090472,RUN1
1099736,0,391687,13,7.01081303716029,RUN1
1099736,0,6276710,14,6.953428541359575,RUN1
1099736,0,3305321,15,6.839629177141571,RUN1
1099736,0,708650,16,6.811231306145638,RUN1
1099736,0,5981641,17,6.798712429359956,RUN1
1099736,0,1172460,18,6.692529360539823,RUN1
1099736,0,1553729,19,6.661295722690424,RUN1
1099736,0,8728926,20,6.635276452792484,RUN1
1102404,1,7242846,1,10.748723512442057,RUN1
1102404,0,1979628,2,10.050603897186203,RUN1
1102404,0,5914977,3,9.468611066602245,RUN1
1102404,0,7080810,4,9.419902803614528,RUN1
1102404,0,8241363,5,9.10128226603915,RUN1
1102404,0,6426033,6,9.039575145307156,RUN1
1102404,0,2578702,7,8.901631009421111,RUN1
1102404,0,6938549,8,8.88705790999055,RUN1
1102404,0,2266898,9,8.732087580965675,RUN1
1102404,0,7224380,10,8.513945190948121,RUN1
1102404,0,2267311,11,8.137881970155666,RUN1
1102404,0,7702339,12,8.059548343578328,RUN1
1102404,0,4511477,13,7.947296838006249,RUN1
1102404,0,8687447,14,7.6396725210790635,RUN1
1102404,0,3191011,15,7.593201962868784,RUN1
1102404,0,3974436,16,7.572596897594662,RUN1
1102404,0,5762131,17,7.398191562416172,RUN1
1102404,0,398397,18,7.138066726326242,RUN1
1102404,0,114663,19,7.124708292284723,RUN1
1102404,0,6393618,20,6.980160236738369,RUN1
581082,0,6982879,1,17.563374780309765,RUN1
581082,0,5974834,2,14.25872332858339,RUN1
581082,1,7677256,3,13.693722859228743,RUN1
581082,0,6753490,4,10.91617463377598,RUN1
581082,0,6804600,5,10.147212549065863,RUN1
581082,0,1620958,6,10.07102422366547,RUN1
581082,0,2106322,7,9.537086239556645,RUN1
581082,0,8513477,8,9.368066610485743,RUN1
581082,0,6897138,9,9.336559137172683,RUN1
581082,0,8287114,10,9.336559137172683,RUN1
581082,0,4192433,11,8.851111782848069,RUN1
581082,0,515840,12,8.773614333117003,RUN1
581082,0,1415426,13,8.624068535610302,RUN1
581082,0,820554,14,8.595847817391363,RUN1
581082,0,571592,15,8.495657315797292,RUN1
581082,0,771814,16,8.44153834519929,RUN1
581082,0,3361686,17,8.428898300019691,RUN1
581082,0,6971082,18,8.343246142422222,RUN1
581082,0,1060714,19,8.302131779370548,RUN1
581082,0,6922274,20,8.18377257253147,RUN1
853078,0,7074873,1,24.82742683802456,RUN1
853078,1,7829607,2,19.11177551449091,RUN1
853078,0,5600462,3,12.605088823398045,RUN1
853078,0,7207924,4,11.130599185858923,RUN1
853078,0,6102185,5,10.729750411260955,RUN1
853078,0,8379200,6,10.555130701940783,RUN1
853078,0,3421208,7,10.105613899832292,RUN1
853078,0,2450274,8,9.97297693327354,RUN1
853078,0,1414291,9,9.927420529152336,RUN1
853078,0,7488639,10,9.904120178051212,RUN1
853078,0,5141508,11,8.922117201701496,RUN1
853078,0,1558727,12,8.348658263964317,RUN1
853078,0,6180275,13,7.912647454799315,RUN1
853078,0,5893166,14,7.831518872668004,RUN1
853078,0,1310060,15,7.776939062027861,RUN1
853078,0,625220,16,7.7478923372952035,RUN1
853078,0,452184,17,7.708577669578935,RUN1
853078,0,2084903,18,7.640991208272912,RUN1
853078,0,4923003,19,7.61221725508095,RUN1
853078,0,5141242,20,7.538534513561073,RUN1
332682,0,2398549,1,12.481679369475556,RUN1
332682,1,7398255,2,12.081306305487878,RUN1
332682,0,2469709,3,11.665377770736118,RUN1
332682,0,6598026,4,11.098056355514043,RUN1
332682,0,3306349,5,10.511296807108764,RUN1
332682,0,5629275,6,10.461847941326848,RUN1
332682,0,2030426,7,10.45308843580341,RUN1
332682,0,1667617,8,10.350603974751174,RUN1
332682,0,8329982,9,10.091104525322944,RUN1
332682,0,8460778,10,9.98725881900808,RUN1
332682,0,806174,11,9.67134868413717,RUN1
332682,0,7572395,12,9.668659407807892,RUN1
332682,0,7346602,13,9.560329533011434,RUN1
332682,0,8284041,14,9.46916812838144,RUN1
332682,0,107519,15,9.464303599159074,RUN1
332682,0,4511309,16,9.33204587156187,RUN1
332682,0,4350612,17,9.19967515134749,RUN1
332682,0,492784,18,8.873383069983237,RUN1
332682,0,7790482,19,8.848277418800302,RUN1
332682,0,1142492,20,8.835311465790262,RUN1
70803,1,7404133,1,35.23052652850045,RUN1
70803,0,6020425,2,13.490293710989366,RUN1
70803,0,1919130,3,12.908753397742295,RUN1
70803,0,5195738,4,12.85280576163029,RUN1
70803,0,1056970,5,11.739200525333137,RUN1
70803,0,2781609,6,11.23638803705393,RUN1
70803,0,3354971,7,10.239807371714441,RUN1
70803,0,1791629,8,10.190952968562726,RUN1
70803,0,5987511,9,9.668840112668288,RUN1
70803,0,4113864,10,9.136639446353845,RUN1
70803,0,1461413,11,8.717933783178154,RUN1
70803,0,6367789,12,8.57857283894521,RUN1
70803,0,3324406,13,8.483490336622003,RUN1
70803,0,1578571,14,8.434947001477749,RUN1
70803,0,3447154,15,8.368665048354734,RUN1
70803,0,6150416,16,8.167572648504956,RUN1
70803,0,4128713,17,8.005580207330764,RUN1
70803,0,3259250,18,8.003751168561527,RUN1
70803,0,47570,19,7.977052960837182,RUN1
70803,0,2454224,20,7.947296838006249,RUN1
344221,0,8001249,1,13.157753965484817,RUN1
344221,0,6294855,2,11.890064964741114,RUN1
344221,0,3746994,3,11.790238587272492,RUN1
344221,0,3278645,4,11.720392690163775,RUN1
344221,0,5405784,5,10.171340802500541,RUN1
344221,0,3008976,6,10.018284614057702,RUN1
344221,0,7445076,7,9.916807413530012,RUN1
344221,0,107519,8,9.816174058037001,RUN1
344221,0,2725929,9,9.688801768785948,RUN1
344221,0,4669675,10,9.501808773951137,RUN1
344221,0,7995122,11,9.29862149786898,RUN1
344221,0,1967308,12,9.274331948387214,RUN1
344221,0,5083424,13,9.017177763430137,RUN1
344221,0,7231669,14,8.96104318562418,RUN1
344221,0,1359659,15,8.89574024953434,RUN1
344221,0,7345053,16,8.487998455201804,RUN1
344221,0,8537843,17,8.420832451628169,RUN1
344221,0,500904,18,8.393976311073805,RUN1
344221,0,7766744,19,8.35642206404842,RUN1
344221,0,4665496,20,8.3503417987438,RUN1
655274,0,1041871,1,17.351506286861575,RUN1
655274,0,4707435,2,13.89549624359004,RUN1
655274,0,7188143,3,13.89549624359004,RUN1
655274,0,2651458,4,12.588575796086726,RUN1
655274,0,8082009,5,12.539705965026009,RUN1
655274,0,2511469,6,12.099296357750209,RUN1
655274,0,4285309,7,11.976559284977608,RUN1
655274,0,534834,8,11.445027316484252,RUN1
655274,0,2637792,9,11.335714876723747,RUN1
655274,0,8629771,10,10.993032674152893,RUN1
655274,0,3315529,11,10.913813169552988,RUN1
655274,0,2106322,12,10.148634374613183,RUN1
655274,0,7364937,13,10.003032505841935,RUN1
655274,0,2596208,14,9.93844565387225,RUN1
655274,0,5672795,15,9.848809585279142,RUN1
655274,0,6334004,16,9.690806728358911,RUN1
655274,0,5534687,17,9.510154598240462,RUN1
655274,0,8119392,18,9.33729750301428,RUN1
655274,0,4487482,19,9.281622284025437,RUN1
655274,0,414716,20,8.899814503693632,RUN1
618223,0,3823880,1,10.256973843344165,RUN1
618223,0,1982893,2,8.047377324643636,RUN1
618223,0,5823547,3,7.927780002293877,RUN1
618223,0,6138683,4,7.805489996148925,RUN1
618223,0,1184852,5,7.57003369264425,RUN1
618223,0,6102185,6,7.471585709162941,RUN1
618223,0,603754,7,7.46820784224909,RUN1
618223,0,1982896,8,7.462479253263548,RUN1
618223,0,7356255,9,7.456759445923949,RUN1
618223,0,5965205,10,7.219458149880382,RUN1
618223,0,7650087,11,7.117030815755682,RUN1
618223,0,7393444,12,7.059754843209258,RUN1
618223,0,2554141,13,7.054113867490787,RUN1
618223,0,4979010,14,6.839582281300146,RUN1
618223,0,5737176,15,6.782673037034101,RUN1
618223,0,3588401,16,6.7779972582579235,RUN1
618223,0,2223045,17,6.745151024940952,RUN1
618223,0,6325927,18,6.734566819507913,RUN1
618223,0,7220286,19,6.708041875348473,RUN1
618223,0,7092322,20,6.671338811322765,RUN1
618653,0,4150605,1,11.730974902013495,RUN1
618653,0,1573338,2,10.929863569046628,RUN1
618653,0,6545358,3,10.868065388995271,RUN1
618653,0,5979861,4,9.689898673282713,RUN1
618653,0,3444390,5,9.305344461186163,RUN1
618653,0,2835946,6,9.298957526895434,RUN1
618653,0,6432354,7,9.011176668574334,RUN1
618653,0,2490876,8,8.842933320324148,RUN1
618653,0,4175326,9,8.531415149463829,RUN1
618653,0,4673785,10,8.48890373980225,RUN1
618653,0,1323416,11,8.31048427176603,RUN1
618653,0,8733394,12,8.180894742564451,RUN1
618653,0,4062155,13,8.140146083969295,RUN1
618653,0,3191991,14,7.925625414385063,RUN1
618653,0,8176540,15,7.822362252975395,RUN1
618653,0,3126167,16,7.6449442215149395,RUN1
618653,0,1585056,17,7.553605137588315,RUN1
618653,0,4610825,18,7.476718466901659,RUN1
618653,0,5446150,19,7.461087143000021,RUN1
618653,0,5367076,20,7.43638861359421,RUN1
623630,0,3364257,1,12.878003939861896,RUN1
623630,1,7708313,2,12.422888032741787,RUN1
623630,0,8363080,3,10.826596748038812,RUN1
623630,0,3191991,4,9.823460675647729,RUN1
623630,0,3341735,5,9.710269106125608,RUN1
623630,0,3909841,6,9.593149171127477,RUN1
623630,0,8146983,7,9.050927964132523,RUN1
623630,0,7224380,8,8.88379837471072,RUN1
623630,0,8259046,9,8.848257826810427,RUN1
623630,0,1843462,10,8.809733033668264,RUN1
623630,0,4788532,11,8.72064016797549,RUN1
623630,0,1476632,12,8.425569128871281,RUN1
623630,0,5093928,13,8.372134672429597,RUN1
623630,0,5089367,14,8.33545395743222,RUN1
623630,0,5086136,15,8.281055593126212,RUN1
623630,0,3444390,16,8.229360612667737,RUN1
623630,0,6756765,17,8.212644974240295,RUN1
623630,0,1339354,18,8.205873082444903,RUN1
623630,0,1099920,19,8.182750913578575,RUN1
623630,0,7122693,20,8.174818856869265,RUN1
100250,0,1696950,1,11.019945686250498,RUN1
100250,0,3746994,2,10.846971945262895,RUN1
100250,0,243224,3,8.980971976628867,RUN1
100250,0,4540453,4,7.699249274536298,RUN1
100250,0,1652408,5,7.475608286906448,RUN1
100250,0,3099735,6,7.415446578169599,RUN1
100250,0,6381207,7,7.2261234058157795,RUN1
100250,0,5379292,8,7.16429195198642,RUN1
100250,0,7425916,9,7.111647074913684,RUN1
100250,0,3081279,10,7.0628321702726495,RUN1
100250,0,2570054,11,7.047961362597199,RUN1
100250,0,932484,12,7.019983138450868,RUN1
100250,0,787371,13,6.972315785721813,RUN1
100250,0,1361879,14,6.96726459169915,RUN1
100250,0,2060444,15,6.874862542311852,RUN1
100250,0,1138358,16,6.819111530994407,RUN1
100250,0,6250830,17,6.7987273120059575,RUN1
100250,0,2745189,18,6.741925072825159,RUN1
100250,0,5563062,19,6.684301532830951,RUN1
100250,0,3189151,20,6.6066507674165695,RUN1
102627,0,890069,1,16.159309453593902,RUN1
102627,0,3372045,2,14.590084997236247,RUN1
102627,0,3432675,3,9.296339002375383,RUN1
102627,0,4058730,4,9.18681819473304,RUN1
102627,0,3560417,5,8.9700378494995,RUN1
102627,0,1042183,6,8.905194937841685,RUN1
102627,0,2305165,7,8.833615507610043,RUN1
102627,0,4164716,8,7.958690332635239,RUN1
102627,0,6813177,9,7.894474271306326,RUN1
102627,0,8467810,10,7.593387271882923,RUN1
102627,0,812452,11,7.564200800917937,RUN1
102627,0,1373793,12,7.564200800917937,RUN1
102627,0,225458,13,7.544677110809113,RUN1
102627,0,1795713,14,7.533131615519009,RUN1
102627,0,4518897,15,7.508569888554535,RUN1
102627,0,2283542,16,7.152777299075845,RUN1
102627,0,4974880,17,7.092156665706849,RUN1
102627,0,2537454,18,7.0491383508628935,RUN1
102627,0,7625350,19,7.031966952585179,RUN1
102627,0,2745927,20,7.004960788405917,RUN1
897476,1,7752706,1,13.6789329409232,RUN1
897476,0,4737728,2,11.284077078634578,RUN1
897476,0,6321494,3,11.210708503822326,RUN1
897476,0,5272319,4,10.910405680206903,RUN1
897476,0,4462771,5,10.312767150528307,RUN1
897476,0,5593919,6,10.214951627552802,RUN1
897476,0,8322641,7,10.1967841724482,RUN1
897476,0,7077519,8,10.09948749396657,RUN1
897476,0,6624939,9,9.799468360978471,RUN1
897476,0,983958,10,9.307703497249014,RUN1
897476,0,8572001,11,9.064008572925069,RUN1
897476,0,1493833,12,8.894144263972025,RUN1
897476,0,4250496,13,8.874408239649668,RUN1
897476,0,4955556,14,8.804222244883757,RUN1
897476,0,700180,15,8.703957312017117,RUN1
897476,0,8776746,16,8.64075666561093,RUN1
897476,0,5096616,17,8.612359315032172,RUN1
897476,0,8747059,18,8.509084381561458,RUN1
897476,0,4407519,19,8.333480902062188,RUN1
897476,0,7836062,20,8.333480902062188,RUN1
902760,0,1123950,1,11.580803260499954,RUN1
902760,0,7813417,2,8.459321833487328,RUN1
902760,0,6521477,3,8.084009095348865,RUN1
902760,0,942605,4,7.857020564336146,RUN1
902760,0,4763857,5,7.804028901296131,RUN1
902760,0,2101294,6,7.759977680432257,RUN1
902760,0,8098198,7,7.714816035418499,RUN1
902760,0,1876476,8,7.699629264182408,RUN1
902760,0,8447717,9,7.669396170359732,RUN1
902760,0,8398041,10,7.458208440001085,RUN1
902760,0,4243309,11,7.047961362597199,RUN1
902760,0,2637792,12,6.4633676680209025,RUN1
902760,0,1781917,13,6.4264502539167605,RUN1
902760,0,1485886,14,6.412275724250738,RUN1
902760,0,8245662,15,6.394714338379403,RUN1
902760,0,14667,16,6.359391069184143,RUN1
902760,0,2511469,17,6.281948101823625,RUN1
902760,0,2106322,18,6.2735772822991684,RUN1
902760,0,5563149,19,6.162830428649693,RUN1
902760,0,2299169,20,6.162010792563406,RUN1
905151,0,6709393,1,11.136655260122605,RUN1
905151,0,1262486,2,10.707761393488502,RUN1
905151,0,4026882,3,10.663059955460763,RUN1
905151,0,2917411,4,10.571446731040396,RUN1
905151,0,5693350,5,10.09944125072635,RUN1
905151,0,1650969,6,9.795076296390238,RUN1
905151,0,4458236,7,9.76937230667334,RUN1
905151,0,6765642,8,9.116369007783803,RUN1
905151,0,407776,9,8.667423304671088,RUN1
905151,0,3637836,10,8.570658623396671,RUN1
905151,0,7342888,11,8.556037256052868,RUN1
905151,0,8176540,12,7.996235737463372,RUN1
905151,0,3146669,13,7.911647132331801,RUN1
905151,0,2633499,14,7.720138216963173,RUN1
905151,0,2915770,15,7.701471004165754,RUN1
905151,0,6138683,16,7.40648775384906,RUN1
905151,0,202009,17,7.3580960462859935,RUN1
905151,0,5787749,18,7.32114477787743,RUN1
905151,0,7134395,19,7.146258231714522,RUN1
905151,1,7923875,20,7.092144251693324,RUN1
781359,0,1485886,1,6.412275724250738,RUN1
781359,0,2276226,2,5.952713638380387,RUN1
781359,0,4915093,3,5.800582190641485,RUN1
781359,0,1781917,4,5.795093014889694,RUN1
781359,0,2637792,5,5.765116714601024,RUN1
781359,0,7007457,6,5.508727074778382,RUN1
781359,0,6076072,7,5.4998685044945965,RUN1
781359,0,6756765,8,5.464928052796566,RUN1
781359,0,2511469,9,5.461437763133016,RUN1
781359,0,14667,10,5.4478487760742755,RUN1
781359,0,7205787,11,5.4122476266177895,RUN1
781359,0,3141218,12,5.402525343591712,RUN1
781359,0,5214623,13,5.377744055145772,RUN1
781359,0,2299169,14,5.357165944998739,RUN1
781359,0,4788532,15,5.323358907831528,RUN1
781359,0,5275696,16,5.307922056271488,RUN1
781359,0,2106322,17,5.296576756782224,RUN1
781359,0,8707475,18,5.254593321959833,RUN1
781359,0,3944039,19,5.252724993931298,RUN1
781359,0,6321494,20,5.252724993931298,RUN1
134833,0,7129083,1,10.798240606859654,RUN1
134833,0,7134966,2,10.798240606859654,RUN1
134833,0,3673018,3,10.336122319839468,RUN1
134833,0,8039977,4,9.83756520004782,RUN1
134833,0,1041871,5,9.683926196974074,RUN1
134833,0,2522807,6,8.636845378416144,RUN1
134833,0,8031300,7,8.576641220166952,RUN1
134833,0,6448036,8,7.523670850207713,RUN1
134833,0,4102034,9,7.482246531247469,RUN1
134833,0,8074890,10,7.423720078274232,RUN1
134833,0,1816506,11,7.380136570884325,RUN1
134833,0,7101608,12,7.25250339472464,RUN1
134833,0,5745483,13,7.218431358502699,RUN1
134833,0,630981,14,6.987680020376351,RUN1
134833,0,7186163,15,6.952308663610051,RUN1
134833,0,389258,16,6.639783505033221,RUN1
134833,0,2569306,17,6.612907496746784,RUN1
134833,0,34077,18,6.492590022012307,RUN1
134833,0,5629055,19,6.453954994970196,RUN1
134833,0,2482714,20,6.451036117251738,RUN1
137311,1,6739160,1,9.001918372280588,RUN1
137311,0,8031300,2,8.576641220166952,RUN1
137311,0,6448036,3,7.523670850207713,RUN1
137311,0,7101608,4,7.25250339472464,RUN1
137311,0,630981,5,6.987680020376351,RUN1
137311,0,7186163,6,6.952308663610051,RUN1
137311,0,389258,7,6.639783505033221,RUN1
137311,0,2569306,8,6.612907496746784,RUN1
137311,0,2482714,9,6.451036117251738,RUN1
137311,0,2750112,10,6.342217993544889,RUN1
137311,0,8462485,11,6.215834819683798,RUN1
137311,0,1603815,12,6.2128545221921705,RUN1
137311,0,7092310,13,6.208564997388574,RUN1
137311,0,7708313,14,6.208564997388574,RUN1
137311,0,2909954,15,6.156065084218541,RUN1
137311,0,5821910,16,6.1250426400497995,RUN1
137311,0,1978236,17,6.118340207127923,RUN1
137311,0,8756089,18,6.118340207127923,RUN1
137311,0,3315930,19,6.112937830818719,RUN1
137311,0,7129083,20,6.112937830818719,RUN1
148708,1,8007989,1,40.6070949217758,RUN1
148708,0,3295609,2,17.79394898951819,RUN1
148708,0,3778279,3,11.598530534242196,RUN1
148708,0,1982896,4,11.361775285049863,RUN1
148708,0,7205787,5,11.312587570667718,RUN1
148708,0,8295273,6,10.587662609630296,RUN1
148708,0,5236392,7,10.237422699893038,RUN1
148708,0,5427952,8,10.149442462506453,RUN1
148708,0,597381,9,10.12025153412236,RUN1
148708,0,4215062,10,9.94772492684045,RUN1
148708,0,7815560,11,9.545894084843374,RUN1
148708,0,1944715,12,9.346648127844658,RUN1
148708,0,1021594,13,9.192295505916167,RUN1
148708,0,7341431,14,9.078237014396016,RUN1
148708,0,7816562,15,9.078237014396016,RUN1
148708,0,205079,16,9.06018351278001,RUN1
148708,0,3909841,17,8.854823251131824,RUN1
148708,0,3218188,18,8.829570426590989,RUN1
148708,0,6965951,19,8.799461143848285,RUN1
148708,0,257812,20,8.790846115734904,RUN1
415845,1,1156556,1,15.911124699685164,RUN1
415845,0,1324048,2,10.290149893215954,RUN1
415845,0,1604451,3,10.273990913462415,RUN1
415845,0,1528753,4,9.150448458298964,RUN1
415845,0,5954119,5,8.999893250997644,RUN1
415845,0,745390,6,7.539161201908663,RUN1
415845,0,6208764,7,7.292997858466367,RUN1
415845,0,3312193,8,6.599849073994133,RUN1
415845,0,8695796,9,6.214982844657478,RUN1
415845,0,8597506,10,4.252681695627381,RUN1
415845,0,4902301,11,3.917722799504071,RUN1
415845,0,8405881,12,3.8757708711335424,RUN1
415845,0,2320832,13,3.8302071570509764,RUN1
415845,0,7872574,14,3.775330267363915,RUN1
415845,0,2779407,15,3.7576270277322505,RUN1
415845,0,2015801,16,3.7506579921745775,RUN1
415845,0,4435017,17,3.7060772434918916,RUN1
415845,0,545049,18,3.70304209073238,RUN1
415845,0,1620981,19,3.701479498575934,RUN1
415845,0,4697311,20,3.7006865355011707,RUN1
940940,0,7645177,1,13.25417007873114,RUN1
940940,0,1802152,2,11.788900516326894,RUN1
940940,0,5227806,3,11.048409891215833,RUN1
940940,0,688133,4,9.089878180531343,RUN1
940940,0,7997184,5,8.85620978354849,RUN1
940940,0,6122786,6,8.53469146749692,RUN1
940940,0,8521855,7,8.440876234932265,RUN1
940940,0,6346191,8,8.417046881879786,RUN1
940940,0,2004798,9,8.415086972441081,RUN1
940940,0,4155878,10,8.196706844800577,RUN1
940940,0,1415426,11,8.124379974983707,RUN1
940940,0,3181467,12,8.006467085072792,RUN1
940940,0,1573338,13,7.813704765615405,RUN1
940940,0,1585056,14,7.553605137588315,RUN1
940940,0,432656,15,7.510501366860769,RUN1
940940,0,847998,16,7.393127283657617,RUN1
940940,0,4062155,17,7.1255419031166,RUN1
940940,0,4459208,18,7.024265743829985,RUN1
940940,0,47570,19,6.959220600332421,RUN1
940940,0,3126167,20,6.832859519941241,RUN1
155119,0,5165327,1,11.893631695308404,RUN1
155119,0,5382740,2,11.707199198221934,RUN1
155119,0,875679,3,11.552693581419406,RUN1
155119,0,5839314,4,10.75900225945207,RUN1
155119,0,7108330,5,10.697168352668204,RUN1
155119,0,830352,6,10.657635141393193,RUN1
155119,0,3699779,7,10.610926791671623,RUN1
155119,0,1776988,8,10.51774974495032,RUN1
155119,0,4662888,9,10.251116506197999,RUN1
155119,0,5800321,10,9.637528615488911,RUN1
155119,0,3196005,11,9.560821761590793,RUN1
155119,0,7435659,12,9.324222153241175,RUN1
155119,0,1898358,13,9.25479485175098,RUN1
155119,0,6154228,14,9.217462752534235,RUN1
155119,0,321694,15,8.684353620227165,RUN1
155119,0,2631940,16,8.637069038415662,RUN1
155119,0,4637826,17,8.577478340016127,RUN1
155119,0,4251241,18,8.38884658197156,RUN1
155119,0,8371578,19,8.381114220667872,RUN1
155119,0,993349,20,8.31408793602506,RUN1
941562,0,1573338,1,10.489999654357062,RUN1
941562,0,432656,2,10.36915654629022,RUN1
941562,0,5135450,3,8.927175836470873,RUN1
941562,0,3981903,4,8.868737010697215,RUN1
941562,0,2416254,5,8.863930629112822,RUN1
941562,0,6122786,6,8.833377413985387,RUN1
941562,0,6388484,7,8.775384252764745,RUN1
941562,0,8521855,8,8.616946580461798,RUN1
941562,0,4155878,9,8.509275309048414,RUN1
941562,0,322262,10,8.431155523268163,RUN1
941562,0,7632245,11,8.3586680153891,RUN1
941562,0,1415426,12,8.31686551227902,RUN1
941562,0,2706216,13,8.306462508151943,RUN1
941562,0,3181467,14,8.29575565503912,RUN1
941562,0,2174138,15,8.222066579186912,RUN1
941562,0,5225291,16,8.202560790805467,RUN1
941562,1,2667562,17,8.043022334973253,RUN1
941562,0,5299415,18,7.954181406713549,RUN1
941562,0,1585056,19,7.831947076033221,RUN1
941562,0,5344493,20,7.450053086682465,RUN1
953951,0,4526765,1,12.279827469894395,RUN1
953951,0,5056025,2,11.95567424089808,RUN1
953951,0,4921950,3,11.048794953702117,RUN1
953951,0,3801761,4,10.022248458390983,RUN1
953951,0,8494129,5,9.534492534826544,RUN1
953951,0,2785385,6,9.476613770244324,RUN1
953951,0,5980293,7,9.23917699661316,RUN1
953951,0,981344,8,9.147542089065393,RUN1
953951,0,3671144,9,9.12530155786037,RUN1
953951,0,6556665,10,9.104367621777289,RUN1
953951,0,2774118,11,9.033276016248058,RUN1
953951,0,3588542,12,8.936618143263956,RUN1
953951,0,434669,13,8.872883999910798,RUN1
953951,0,3146426,14,8.864087392422853,RUN1
953951,0,4969959,15,8.766972175060047,RUN1
953951,0,4326376,16,8.739902750035677,RUN1
953951,0,2962285,17,8.680267667958564,RUN1
953951,0,1169779,18,8.618361334150228,RUN1
953951,0,7292259,19,8.530493372347683,RUN1
953951,0,3746880,20,8.517758724633294,RUN1
700224,0,300703,1,19.048494825175368,RUN1
700224,1,7697238,2,17.26727332438353,RUN1
700224,0,3794082,3,15.193416761288795,RUN1
700224,0,5199587,4,13.409032587594783,RUN1
700224,0,2287250,5,13.182916641498949,RUN1
700224,0,3112423,6,12.522031068480695,RUN1
700224,0,1113986,7,12.292426627356036,RUN1
700224,0,5089367,8,11.45121859397003,RUN1
700224,0,3734723,9,11.341366035917783,RUN1
700224,0,8139868,10,11.315416958807106,RUN1
700224,0,4164716,11,11.07552750467405,RUN1
700224,0,6321494,12,10.911499405179445,RUN1
700224,0,7629538,13,10.524669980364335,RUN1
700224,0,1302999,14,10.480185407053707,RUN1
700224,0,711265,15,10.264754580108473,RUN1
700224,0,6173474,16,10.245470226112474,RUN1
700224,0,4344961,17,9.630065494466965,RUN1
700224,0,7238768,18,9.431859011490598,RUN1
700224,0,6902555,19,9.407797878171369,RUN1
700224,0,5419080,20,9.24556622812063,RUN1
1036478,0,7129083,1,10.558052112844884,RUN1
1036478,0,7134966,2,10.558052112844884,RUN1
1036478,0,2752983,3,10.324963627556645,RUN1
1036478,0,4697311,4,9.635870156064325,RUN1
1036478,0,1041871,5,9.44583289179282,RUN1
1036478,0,6284452,6,9.328114942013071,RUN1
1036478,0,4281760,7,9.220436002305227,RUN1
1036478,0,1165756,8,9.218659043436446,RUN1
1036478,0,7015868,9,9.195555868808432,RUN1
1036478,0,358903,10,9.045897817228562,RUN1
1036478,0,3687593,11,8.994609405648982,RUN1
1036478,0,720860,12,8.928659918330808,RUN1
1036478,0,161420,13,8.899660984432963,RUN1
1036478,0,5083424,14,8.849447433607274,RUN1
1036478,0,6205414,15,8.826039584531191,RUN1
1036478,0,7918678,16,8.766119891061175,RUN1
1036478,0,5101119,17,8.655431355637084,RUN1
1036478,0,5981641,18,8.492117975178898,RUN1
1036478,0,7390567,19,8.450208610172506,RUN1
1036478,0,3305321,20,8.411153163458751,RUN1
453686,1,5414627,1,16.18476043225258,RUN1
453686,0,1855427,2,9.84417115990251,RUN1
453686,0,8031300,3,8.088814406881284,RUN1
453686,0,6283670,4,7.654731817658361,RUN1
453686,0,6448036,5,7.523670850207713,RUN1
453686,0,2408517,6,7.291067701671155,RUN1
453686,0,7872574,7,7.158361184512432,RUN1
453686,0,630981,8,6.987680020376351,RUN1
453686,0,5776827,9,6.906931659432978,RUN1
453686,0,7101608,10,6.706213552456842,RUN1
453686,0,7186163,11,6.461591284680267,RUN1
453686,0,4713574,12,6.433734691383549,RUN1
453686,0,6351739,13,6.381537636423614,RUN1
453686,0,2750112,14,6.342217993544889,RUN1
453686,0,2193297,15,6.2796438130193115,RUN1
453686,0,5088348,16,6.2796438130193115,RUN1
453686,0,8246466,17,6.2299074387662134,RUN1
453686,0,6050979,18,6.174935397820206,RUN1
453686,0,6820809,19,6.132761382584873,RUN1
453686,0,389258,20,6.1162319462675505,RUN1
455372,1,7501886,1,25.026003375734938,RUN1
455372,0,1824,2,19.45155446189549,RUN1
455372,0,5979861,3,16.712914415924583,RUN1
455372,0,5121069,4,11.719434653752392,RUN1
455372,0,5168064,5,11.069432480959417,RUN1
455372,0,4867055,6,10.400337749822995,RUN1
455372,0,8252165,7,9.715205466674272,RUN1
455372,0,7368536,8,9.575948505249173,RUN1
455372,0,1323916,9,8.86779231366038,RUN1
455372,0,232725,10,8.864133670253489,RUN1
455372,0,1476524,11,8.629673853132887,RUN1
455372,0,8286749,12,8.576879945422757,RUN1
455372,0,5435979,13,8.480023227713442,RUN1
455372,0,2733831,14,8.441595089525892,RUN1
455372,0,1177174,15,8.372696567313945,RUN1
455372,0,8034348,16,8.234504555311187,RUN1
455372,0,6790150,17,8.230492067027512,RUN1
455372,0,3099735,18,8.125718554167705,RUN1
455372,0,809922,19,8.075044480078176,RUN1
455372,0,3344662,20,8.057554715829378,RUN1
195440,1,7364279,1,9.038363668768012,RUN1
195440,0,8031300,2,8.088814406881284,RUN1
195440,0,6448036,3,7.523670850207713,RUN1
195440,0,630981,4,6.987680020376351,RUN1
195440,0,7101608,5,6.706213552456842,RUN1
195440,0,7186163,6,6.461591284680267,RUN1
195440,0,2750112,7,6.342217993544889,RUN1
195440,0,389258,8,6.1162319462675505,RUN1
195440,0,2569306,9,6.062229572798252,RUN1
195440,0,2482714,10,5.905796479711101,RUN1
195440,0,7092310,11,5.855430897453116,RUN1
195440,0,7708313,12,5.855430897453116,RUN1
195440,0,2909954,13,5.8059171025876815,RUN1
195440,0,1603815,14,5.757233668042189,RUN1
195440,0,8462485,15,5.709359879444055,RUN1
195440,0,8543805,16,5.709359879444055,RUN1
195440,0,3315930,17,5.662275705733107,RUN1
195440,0,7129083,18,5.662275705733107,RUN1
195440,0,7134966,19,5.662275705733107,RUN1
195440,0,7618052,20,5.662275705733107,RUN1
982481,0,8187956,1,6.6259296546520865,RUN1
982481,0,6420960,2,6.0369607347439365,RUN1
982481,0,1985306,3,6.002682998034784,RUN1
982481,0,1323416,4,5.907283785180133,RUN1
982481,0,30384,5,5.784873656847269,RUN1
982481,0,7404222,6,5.736176685104854,RUN1
982481,0,6309680,7,5.5541976194704805,RUN1
982481,0,2555166,8,5.495732133708798,RUN1
982481,0,970595,9,5.4571794424853515,RUN1
982481,0,1323916,10,5.316791855506315,RUN1
982481,0,7188547,11,5.277496460958094,RUN1
982481,0,6879635,12,5.249865041566037,RUN1
982481,0,131306,13,5.17795013275861,RUN1
982481,0,2398549,14,5.165643039955847,RUN1
982481,0,3685915,15,5.150120602405709,RUN1
982481,0,3591169,16,5.147310500111165,RUN1
982481,0,7159852,17,5.1053625630681605,RUN1
982481,0,7288362,18,5.102983610804593,RUN1
982481,0,8088526,19,5.099766050440114,RUN1
982481,0,4593131,20,5.064107924570952,RUN1
819662,0,6567976,1,12.00580891853557,RUN1
819662,0,8286476,2,11.754428496070833,RUN1
819662,0,3359914,3,11.674028496256371,RUN1
819662,1,7837283,4,11.67280473283006,RUN1
819662,0,7935070,5,10.88820790758377,RUN1
819662,0,7427422,6,10.57024312694883,RUN1
819662,0,5787749,7,10.477766602594958,RUN1
819662,0,4979959,8,9.602978227251908,RUN1
819662,0,2370762,9,9.467695623968511,RUN1
819662,0,771814,10,9.138091015481956,RUN1
819662,0,1063175,11,9.130047745754162,RUN1
819662,0,7209155,12,8.902003274822452,RUN1
819662,0,1208257,13,8.107028264531701,RUN1
819662,0,5128070,14,7.821769719973695,RUN1
819662,0,6610429,15,7.550058354197098,RUN1
819662,0,570508,16,7.532205787373384,RUN1
819662,0,6162265,17,7.3702066344671255,RUN1
819662,0,7350224,18,7.039140329653282,RUN1
819662,0,4788532,19,7.030691874608475,RUN1
819662,0,7346602,20,7.000464537195226,RUN1
988643,0,2523383,1,26.873163253119934,RUN1
988643,0,5236392,2,24.24692500320983,RUN1
988643,0,2064699,3,23.431817423055737,RUN1
988643,0,4465202,4,20.285618680898864,RUN1
988643,0,2504295,5,19.186103698839734,RUN1
988643,0,5822966,6,18.62234680903155,RUN1
988643,0,3777725,7,18.230686413595848,RUN1
988643,0,8522197,8,16.532013534772226,RUN1
988643,1,7288078,9,16.367552823596213,RUN1
988643,0,6924371,10,16.097266837484447,RUN1
988643,0,5228103,11,15.92889144656034,RUN1
988643,0,7549892,12,15.863417529529169,RUN1
988643,0,862475,13,15.110957791208216,RUN1
988643,0,3633177,14,14.89073824206766,RUN1
988643,0,3093469,15,14.794551632046662,RUN1
988643,0,7720376,16,14.74267219111798,RUN1
988643,0,6404378,17,14.448765426005465,RUN1
988643,0,7284857,18,14.024526853489716,RUN1
988643,0,7188832,19,13.771810257966406,RUN1
988643,0,7782629,20,13.433277257726074,RUN1
990177,0,840770,1,5.670252784500166,RUN1
990177,0,1206772,2,5.627222818134333,RUN1
990177,0,1159557,3,5.455583261445327,RUN1
990177,0,6725614,4,5.2243718297237525,RUN1
990177,0,3912147,5,5.203714666780582,RUN1
990177,0,2523383,6,5.167548803615087,RUN1
990177,0,784854,7,5.114137149301228,RUN1
990177,0,3877353,8,5.111108277755996,RUN1
990177,0,1152976,9,5.1044946344961275,RUN1
990177,0,4164716,10,5.0895598888705775,RUN1
990177,0,1107648,11,5.075049755070449,RUN1
990177,0,35760,12,5.063428112897566,RUN1
990177,0,5605484,13,5.04595167506135,RUN1
990177,0,2299169,14,5.018286909952153,RUN1
990177,0,1810254,15,4.988770906168883,RUN1
990177,0,3865083,16,4.976150877526288,RUN1
990177,0,5405784,17,4.936693607157943,RUN1
990177,0,1865744,18,4.932903852875781,RUN1
990177,0,1169519,19,4.912863025905623,RUN1
990177,0,1282787,20,4.893576099364186,RUN1
996195,1,7272293,1,51.80872596009911,RUN1
996195,0,6134758,2,14.552649032416332,RUN1
996195,0,2394171,3,12.842663635234164,RUN1
996195,0,1717874,4,12.03192395316859,RUN1
996195,0,30384,5,11.936093732623128,RUN1
996195,0,3203945,6,11.622446389516668,RUN1
996195,0,8799479,7,11.531522338226873,RUN1
996195,0,2419447,8,11.519745053294276,RUN1
996195,0,3233815,9,11.244747512238812,RUN1
996195,0,7350224,10,10.023313627522139,RUN1
996195,0,6595361,11,10.003458276209116,RUN1
996195,0,6458627,12,9.884262195407942,RUN1
996195,0,7288362,13,9.784779919556595,RUN1
996195,0,3661192,14,9.765517739112312,RUN1
996195,0,8104432,15,9.307346003485502,RUN1
996195,0,7545776,16,9.288075079079457,RUN1
996195,0,4146847,17,9.227722460091153,RUN1
996195,0,3511249,18,9.207778292331737,RUN1
996195,0,6393177,19,9.194571153729479,RUN1
996195,0,5456272,20,9.169163342858694,RUN1
736619,0,4449179,1,13.193830034131528,RUN1
736619,0,1843462,2,11.847348615476207,RUN1
736619,0,3953844,3,11.713399779704226,RUN1
736619,0,7207924,4,10.634631081831145,RUN1
736619,0,1107496,5,9.840588557974737,RUN1
736619,0,7566291,6,9.394469523009437,RUN1
736619,0,6146926,7,9.211274969222874,RUN1
736619,0,7771154,8,9.07619831284555,RUN1
736619,0,5141508,9,8.997299727828455,RUN1
736619,0,7926967,10,8.855924397403268,RUN1
736619,0,6690663,11,8.846392344163274,RUN1
736619,0,3690543,12,8.844741177885533,RUN1
736619,0,4623738,13,8.063298890313682,RUN1
736619,0,3897186,14,7.967319062527947,RUN1
736619,0,5104482,15,7.954679075270619,RUN1
736619,0,4371702,16,7.902176596434481,RUN1
736619,0,1505139,17,7.842777151793674,RUN1
736619,0,2309548,18,7.597487398951646,RUN1
736619,0,408045,19,7.5597259032721595,RUN1
736619,1,361762,20,7.33412215159914,RUN1
1002197,0,3006705,1,11.473992696302961,RUN1
1002197,0,5027191,2,11.433670231394467,RUN1
1002197,0,2777516,3,11.296813795507052,RUN1
1002197,0,2828530,4,10.38633714159098,RUN1
1002197,0,7822327,5,9.589505632218039,RUN1
1002197,0,4907148,6,9.423586215010662,RUN1
1002197,0,2318732,7,9.410410274351808,RUN1
1002197,0,5135450,8,8.927175836470873,RUN1
1002197,0,2207466,9,8.923776959238113,RUN1
1002197,0,838796,10,8.853921849654979,RUN1
1002197,0,5854679,11,8.40697330746919,RUN1
1002197,0,5229252,12,8.404881862365642,RUN1
1002197,0,3182388,13,8.387584733318533,RUN1
1002197,0,7016133,14,8.344013606446534,RUN1
1002197,0,2631641,15,8.297658935253237,RUN1
1002197,0,118421,16,8.276893196950287,RUN1
1002197,0,6787589,17,8.210766347008516,RUN1
1002197,0,5967613,18,8.172898505031839,RUN1
1002197,0,2132420,19,8.083313979319936,RUN1
1002197,0,653049,20,7.9720558858713435,RUN1
746219,0,3909841,1,10.259100106471916,RUN1
746219,0,3364257,2,10.061167035546713,RUN1
746219,0,3191991,3,9.823460675647729,RUN1
746219,0,3341735,4,9.710269106125608,RUN1
746219,0,5086136,5,8.937086105466774,RUN1
746219,0,5093928,6,8.372134672429597,RUN1
746219,0,5089367,7,8.33545395743222,RUN1
746219,0,5873808,8,7.079775859160823,RUN1
746219,0,2750112,9,7.034737626544271,RUN1
746219,0,4169770,10,6.9159485302635,RUN1
746219,0,5190324,11,6.776589705511011,RUN1
746219,0,8366560,12,6.769096775175585,RUN1
746219,0,7107041,13,6.724176702837804,RUN1
746219,0,6928009,14,6.5127781651256775,RUN1
746219,0,1985306,15,6.412335173006275,RUN1
746219,0,1485886,16,6.412275724250738,RUN1
746219,0,517930,17,6.389042122976269,RUN1
746219,0,669305,18,6.332776452699377,RUN1
746219,0,5860549,19,6.294335120341791,RUN1
746219,0,2028620,20,6.249607682511839,RUN1
234293,0,6093286,1,12.250771051477413,RUN1
234293,0,4178097,2,12.102891762572671,RUN1
234293,0,8317028,3,11.281290395311455,RUN1
234293,0,4633993,4,10.658527701861221,RUN1
234293,0,4384291,5,10.44740344604906,RUN1
234293,0,5505699,6,10.41825275414644,RUN1
234293,0,1752592,7,10.144994328288565,RUN1
234293,0,572185,8,10.038727012857382,RUN1
234293,0,4831290,9,9.436356026237114,RUN1
234293,0,8716192,10,9.302865101495597,RUN1
234293,0,4669675,11,9.023452522264595,RUN1
234293,0,6969916,12,8.502369694998208,RUN1
234293,0,7238768,13,8.440857762137158,RUN1
234293,0,6886006,14,8.2605908210666,RUN1
234293,0,4501796,15,8.220481750345527,RUN1
234293,0,6157591,16,8.201888347841344,RUN1
234293,0,7230765,17,8.030388414741743,RUN1
234293,1,2176210,18,7.857509010110634,RUN1
234293,0,1374099,19,7.829804121678508,RUN1
234293,0,5332976,20,7.7168897623670425,RUN1
1021925,0,6076072,1,21.754279311378788,RUN1
1021925,0,2511469,2,20.13266987475174,RUN1
1021925,1,7230920,3,18.644574602713064,RUN1
1021925,0,3944039,4,18.334978307742535,RUN1
1021925,0,4788532,5,16.793197319309428,RUN1
1021925,0,2775492,6,16.483529916306555,RUN1
1021925,0,7748115,7,15.894408570948675,RUN1
1021925,0,4825729,8,15.854749265136906,RUN1
1021925,0,6765642,9,15.388631584801571,RUN1
1021925,0,6329975,10,15.061087996858932,RUN1
1021925,0,4356387,11,13.8714024961549,RUN1
1021925,0,3106056,12,13.726947453871901,RUN1
1021925,0,7241044,13,13.02733225842157,RUN1
1021925,0,1338618,14,12.897097877211438,RUN1
1021925,0,4915093,15,12.638911417179482,RUN1
1021925,0,5227806,16,12.637029207430112,RUN1
1021925,0,6334004,17,12.629119865105286,RUN1
1021925,0,5275696,18,12.583444641580833,RUN1
1021925,0,2276226,19,12.524827804334342,RUN1
1021925,0,8738409,20,12.424437107420752,RUN1
365946,0,4648293,1,13.301002203025401,RUN1
365946,0,325113,2,10.65963315434289,RUN1
365946,0,1351217,3,10.5538756265868,RUN1
365946,0,5954119,4,10.032644500692479,RUN1
365946,0,281167,5,9.699121998691366,RUN1
365946,0,7003655,6,9.573454964714207,RUN1
365946,0,8813695,7,9.404173327223601,RUN1
365946,0,551596,8,9.353544275809327,RUN1
365946,0,8270150,9,9.293573930321635,RUN1
365946,1,7385108,10,9.055805726274121,RUN1
365946,0,7072099,11,9.03881988829546,RUN1
365946,0,5914823,12,9.033691954709882,RUN1
365946,0,519930,13,8.888530481771353,RUN1
365946,0,1210340,14,8.727501464633258,RUN1
365946,0,3277560,15,8.690406641839767,RUN1
365946,0,3804447,16,8.601348239331221,RUN1
365946,0,6814173,17,8.599395554048444,RUN1
365946,0,1036959,18,8.586033325189325,RUN1
365946,0,3882741,19,8.317564488494325,RUN1
365946,0,4360939,20,8.31409714830132,RUN1
1030543,1,7217365,1,12.073454721122792,RUN1
1030543,0,7750550,2,10.021148103402428,RUN1
1030543,0,1485886,3,6.412275724250738,RUN1
1030543,0,2637792,4,5.981606330137292,RUN1
1030543,0,2276226,5,5.952713638380387,RUN1
1030543,0,4915093,6,5.800582190641485,RUN1
1030543,0,1781917,7,5.795093014889694,RUN1
1030543,0,2511469,8,5.71583335958249,RUN1
1030543,0,5214623,9,5.715410317139001,RUN1
1030543,0,6756765,10,5.665480900575932,RUN1
1030543,0,7205787,11,5.664351930066966,RUN1
1030543,0,2299169,12,5.66219849778882,RUN1
1030543,0,7007457,13,5.645508846455297,RUN1
1030543,0,14667,14,5.629126047481555,RUN1
1030543,0,4788532,15,5.627212053911566,RUN1
1030543,0,2106322,16,5.578114699953714,RUN1
1030543,0,5275696,17,5.566170631981086,RUN1
1030543,0,3944039,18,5.508447189947415,RUN1
1030543,0,6076072,19,5.4998685044945965,RUN1
1030543,0,8707475,20,5.489491750997409,RUN1
1032106,0,1987945,1,14.696733285003962,RUN1
1032106,0,8747059,2,14.544288132609799,RUN1
1032106,0,973462,3,13.505532717113546,RUN1
1032106,0,1620958,4,13.474301952238939,RUN1
1032106,0,6336792,5,13.037989735861206,RUN1
1032106,0,3701796,6,12.846484898230766,RUN1
1032106,0,5877609,7,12.661671319752266,RUN1
1032106,0,6753490,8,12.619524337573523,RUN1
1032106,0,2276226,9,12.38475434146082,RUN1
1032106,0,3041826,10,12.292459133232345,RUN1
1032106,0,1485886,11,12.251812215887016,RUN1
1032106,0,8220058,12,11.844039225871413,RUN1
1032106,0,5302402,13,11.683960341085916,RUN1
1032106,0,5462102,14,11.455239038600736,RUN1
1032106,0,6897138,15,11.452503681506222,RUN1
1032106,0,5789914,16,11.436784027833161,RUN1
1032106,0,7007457,17,11.38394232984873,RUN1
1032106,0,1781917,18,11.34528525848107,RUN1
1032106,0,2637792,19,11.334659585187836,RUN1
1032106,0,273990,20,11.241174838284735,RUN1
1033485,0,424165,1,13.494850583502265,RUN1
1033485,0,999601,2,12.599848592620935,RUN1
1033485,0,840770,3,12.153483043574795,RUN1
1033485,0,5678435,4,11.843220706840182,RUN1
1033485,0,3985769,5,11.732351590821443,RUN1
1033485,0,8585972,6,11.561812100787286,RUN1
1033485,0,7224380,7,11.398297807223448,RUN1
1033485,0,5462102,8,11.020577352163997,RUN1
1033485,0,1683725,9,10.574835613518538,RUN1
1033485,0,6021332,10,10.158062126221767,RUN1
1033485,0,7605656,11,9.890127211283804,RUN1
1033485,0,7079609,12,9.814385694306484,RUN1
1033485,0,7638150,13,9.786586080907794,RUN1
1033485,0,1227828,14,9.75094046672398,RUN1
1033485,0,8141466,15,9.73279936137408,RUN1
1033485,0,8568865,16,9.68400276412516,RUN1
1033485,0,1866679,17,9.516875585071759,RUN1
1033485,0,8217661,18,9.50155898781033,RUN1
1033485,0,7241044,19,9.464730707847993,RUN1
1033485,0,7103952,20,9.355796304957144,RUN1
248922,0,392748,1,16.952602274898013,RUN1
248922,1,2978723,2,14.113773509272571,RUN1
248922,0,7988854,3,13.753868708090263,RUN1
248922,0,7035152,4,13.398585480321884,RUN1
248922,0,6938549,5,12.677591479890019,RUN1
248922,0,6778130,6,12.519221605944233,RUN1
248922,0,4159315,7,11.973050016351555,RUN1
248922,0,2506738,8,11.73178866802253,RUN1
248922,0,7535951,9,11.576944808599933,RUN1
248922,0,983958,10,11.407692625391942,RUN1
248922,0,5220770,11,11.19026026529978,RUN1
248922,0,8070986,12,10.449561187973012,RUN1
248922,0,7628820,13,10.259620264152781,RUN1
248922,0,8405791,14,10.118603098620436,RUN1
248922,0,8000091,15,9.869268543979619,RUN1
248922,0,8245455,16,9.595504531214726,RUN1
248922,0,6311683,17,9.574248562052277,RUN1
248922,0,2945912,18,9.293113223244376,RUN1
248922,0,89743,19,9.289220746857112,RUN1
248922,0,6520552,20,9.185026764880158,RUN1
1042284,0,5175353,1,12.848159268932855,RUN1
1042284,0,2970905,2,10.50831753809427,RUN1
1042284,0,1301281,3,10.084535945551332,RUN1
1042284,0,4998096,4,9.084399061370942,RUN1
1042284,0,1485886,5,6.412275724250738,RUN1
1042284,0,2637792,6,6.347212213168613,RUN1
1042284,0,2511469,7,6.237051994799514,RUN1
1042284,0,4915093,8,6.169444892834955,RUN1
1042284,0,7007457,9,6.1506985038382185,RUN1
1042284,0,1781917,10,6.125673187751849,RUN1
1042284,0,4788532,11,6.045971343779881,RUN1
1042284,0,6756765,12,6.004172901230057,RUN1
1042284,0,2276226,13,5.952713638380387,RUN1
1042284,0,14667,14,5.935265613216354,RUN1
1042284,0,6321494,15,5.874278441889872,RUN1
1042284,0,3944039,16,5.828797320615496,RUN1
1042284,0,1189624,17,5.786643408374196,RUN1
1042284,0,5214623,18,5.715410317139001,RUN1
1042284,0,7205787,19,5.664351930066966,RUN1
1042284,0,2299169,20,5.66219849778882,RUN1
1044123,1,7196065,1,27.484346713954892,RUN1
1044123,0,7035152,2,16.01377173156034,RUN1
1044123,0,3485497,3,12.590685287267037,RUN1
1044123,0,6076072,4,12.253121876291752,RUN1
1044123,0,2491667,5,11.203372701102447,RUN1
1044123,0,4285063,6,10.63935303825387,RUN1
1044123,0,4672484,7,9.760434380813152,RUN1
1044123,0,4566450,8,9.669803397082054,RUN1
1044123,0,3235281,9,9.647078898059302,RUN1
1044123,0,6679295,10,9.26919008215285,RUN1
1044123,0,4977036,11,9.229183230733677,RUN1
1044123,0,5709438,12,9.18964375918453,RUN1
1044123,0,8133705,13,9.179100820425559,RUN1
1044123,0,8831816,14,9.177873524718922,RUN1
1044123,0,6024661,15,9.177494052274465,RUN1
1044123,0,550002,16,9.147785070054564,RUN1
1044123,0,2736561,17,9.145336026483841,RUN1
1044123,0,3846626,18,9.04737017442534,RUN1
1044123,0,7636707,19,9.037980444438166,RUN1
1044123,0,7866855,20,9.035090783729146,RUN1
1046902,1,7190665,1,29.518383628007143,RUN1
1046902,0,6232327,2,15.156060801986122,RUN1
1046902,0,7548745,3,15.033016869527472,RUN1
1046902,0,8217661,4,11.645050175816905,RUN1
1046902,0,3624299,5,11.345221674764138,RUN1
1046902,0,7638150,6,10.894139318764946,RUN1
1046902,0,1480254,7,10.666829667498474,RUN1
1046902,0,1776988,8,10.121117203689865,RUN1
1046902,0,4404394,9,10.009015486310593,RUN1
1046902,0,2258121,10,9.441481290787987,RUN1
1046902,0,491751,11,9.402167250130399,RUN1
1046902,0,7079609,12,9.059694188678641,RUN1
1046902,0,6753490,13,8.881654107434633,RUN1
1046902,0,7490503,14,8.541631144560752,RUN1
1046902,0,1919742,15,8.488278971571024,RUN1
1046902,0,5142528,16,8.465343408685323,RUN1
1046902,0,2611078,17,8.420376834809574,RUN1
1046902,0,2436492,18,8.258558702211236,RUN1
1046902,0,7417515,19,8.223179467817003,RUN1
1046902,0,7642840,20,8.12975611639828,RUN1
261277,0,7035152,1,12.420294541757666,RUN1
261277,0,5700571,2,12.118007510262405,RUN1
261277,0,778687,3,12.061257344014113,RUN1
261277,0,4692454,4,11.075386057167265,RUN1
261277,0,2543255,5,10.996768850616458,RUN1
261277,0,8400605,6,10.879629540523526,RUN1
261277,0,3420142,7,10.673281882298916,RUN1
261277,0,5586875,8,10.176542633531925,RUN1
261277,0,6809294,9,9.854880627234927,RUN1
261277,0,1914278,10,9.71457778633756,RUN1
261277,0,6954293,11,9.676264223384537,RUN1
261277,0,2559923,12,9.494400018360402,RUN1
261277,0,4774582,13,9.430004974661246,RUN1
261277,0,6156470,14,9.29160958591323,RUN1
261277,0,6948236,15,9.141617250074427,RUN1
261277,0,6420072,16,9.005281502826785,RUN1
261277,0,392748,17,8.98649817969991,RUN1
261277,0,3298992,18,8.981069049521764,RUN1
261277,0,5991646,19,8.849492402817406,RUN1
261277,0,8070986,20,8.71469927919463,RUN1
